Feature,Coefficient,Absolute_Coefficient,Odds_Ratio
backlogs,-0.17210800221650863,0.17210800221650863,0.8418882424619909
internships_count,0.13310513799631693,0.13310513799631693,1.1423700985204477
projects_count,0.12789008031987445,0.12789008031987445,1.1364280800204143
coding_skill_score,0.1061020876028829,0.1061020876028829,1.1119353855305696
mock_interview_score,0.09115919841167974,0.09115919841167974,1.0954433842245235
communication_skill_score,0.07071829616078872,0.07071829616078872,1.0732788365094466
logical_reasoning_score,0.0676677522170009,0.0676677522170009,1.070009741049549
aptitude_score,0.06499115757531691,0.06499115757531691,1.0671495881526143
leadership_score,0.046030453495052776,0.046030453495052776,1.0471062985178725
extracurricular_score,0.040497762693892596,0.040497762693892596,1.0413289799282246
cgpa,0.02767823491794371,0.02767823491794371,1.0280648358302573
attendance_percentage,-0.014597072004263767,0.014597072004263767,0.9855089487601435
github_repos,0.010912423748769435,0.010912423748769435,1.0109721814139838
branch_EEE,-0.009309125241888741,0.009309125241888741,0.9907340705223192
branch_ECE,-0.008619507419150694,0.008619507419150694,0.9914175340321676
branch_Civil,0.007872005241711753,0.007872005241711753,1.0079030709379129
branch_IT,-0.006311687657893967,0.006311687657893967,0.9937081892018217
college_pursuing_year,0.0057909861050379026,0.0057909861050379026,1.0058077862792747
college_tier_Tier 2,-0.005014659738883741,0.005014659738883741,0.9949978926764688
hackathons_participated,-0.003789946545260749,0.003789946545260749,0.996217226237798
college_tier_Tier 3,0.003674697335385092,0.003674697335385092,1.0036814573133932
branch_Mechanical,-0.0019329896850652927,0.0019329896850652927,0.9980688773363245
volunteer_experience_Yes,0.0014962294836475534,0.0014962294836475534,1.0014973493934591
certifications_count,-0.001287221882484823,0.001287221882484823,0.9987136062322419
