feature,importance
num__mock_interview_score,0.08131882376343941
num__coding_skill_score,0.0803794189123287
num__aptitude_score,0.08016620509166753
num__logical_reasoning_score,0.08015526065908268
num__communication_skill_score,0.07979383564037627
num__leadership_score,0.07887258477252726
num__extracurricular_score,0.07848642529773558
num__cgpa,0.0767881985867619
num__attendance_percentage,0.0760691558088764
num__github_repos,0.04195345752140079
num__certifications_count,0.03404358598143432
num__projects_count,0.032798278055535424
num__hackathons_participated,0.025197855561270167
num__internships_count,0.02449436246055071
num__college_pursuing_year,0.021874000275501612
num__backlogs,0.01396170078972748
cat__branch_CSE,0.010108746441635601
cat__college_tier_Tier 2,0.01005735501065156
cat__college_tier_Tier 3,0.009387560756605452
cat__volunteer_experience_No,0.009080189636609387
cat__volunteer_experience_Yes,0.009003966052534135
cat__branch_IT,0.008962982594535188
cat__college_tier_Tier 1,0.008513152810867305
cat__branch_ECE,0.007765784690623084
cat__branch_Mechanical,0.00701683478886008
cat__branch_EEE,0.006953742018274922
cat__branch_Civil,0.0067965360205871515
