Feature,Importance
backlogs,0.23159382
projects_count,0.12435293
internships_count,0.12151584
coding_skill_score,0.10606693
mock_interview_score,0.10268513
communication_skill_score,0.080855735
logical_reasoning_score,0.0767857
aptitude_score,0.072387494
extracurricular_score,0.04346516
leadership_score,0.040291294
cgpa,0.0
college_pursuing_year,0.0
certifications_count,0.0
hackathons_participated,0.0
github_repos,0.0
attendance_percentage,0.0
branch_Civil,0.0
branch_ECE,0.0
branch_EEE,0.0
branch_IT,0.0
branch_Mechanical,0.0
college_tier_Tier 2,0.0
college_tier_Tier 3,0.0
volunteer_experience_Yes,0.0
