Feature,Weight
internships_count,0.03200326141827002
projects_count,0.030814700446252303
coding_skill_score,0.02569011449250352
mock_interview_score,0.02207733836403424
communication_skill_score,0.01713087611848116
logical_reasoning_score,0.016378658312623518
aptitude_score,0.015710459679745215
leadership_score,0.011114138150116597
extracurricular_score,0.00983598331399484
cgpa,0.006712416247975018
github_repos,0.002612970075318228
branch_Civil,0.001741164709780837
college_pursuing_year,0.001423635428553215
college_tier_Tier 3,0.0008060436627394099
volunteer_experience_Yes,0.00039409389703735193
certifications_count,-0.0003235209744213389
branch_Mechanical,-0.0006578597839754421
hackathons_participated,-0.000903741458808989
college_tier_Tier 2,-0.0011862880456227352
branch_IT,-0.0017543921810018578
branch_ECE,-0.0023160497067099203
branch_EEE,-0.00243377020848529
attendance_percentage,-0.0035361933499913436
backlogs,-0.04189236735129738
